École,Académie,Ville,Spécialité,Type de recrutement,Informations complémentaires,Oral
3IL,Limoges,Limoges,Généraliste,Banque d'épreuve CCP,<http://www.3il-ingenieurs.fr/>,
ENSAM Arts et Métiers ParisTech,Paris,Châlons en Champagne,Mécanique,Centrale Supelec,<https://artsetmetiers.fr/>,
Centrale Lille,Lille,Lille,Généraliste,Centrale Supelec,<http://ec-lille.fr>,
Centrale Lyon,Lyon,Lyon,Généraliste,Centrale Supelec,<http://ec-lyon.fr>,
Centrale Marseille,Marseille,Marseille,Généraliste,Centrale Supelec,<http://ec-marseille.fr>,
Centrale Nantes,Nantes,Nantes,Généraliste,Centrale Supelec,<http://ec-nantes.fr>,
Centrale Paris,Versailles,Châtenay-Malabry,Généraliste,Centrale Supelec,<http://ecp.fr>,
CPE Lyon,Lyon,Lyon,"Électronique, télécomunications, informatique, chimie, génie des matériaux",CCP,<https://www.cpe.fr>,
CPE Lyon,Lyon,Lyon,"Électronique, télécomunications, informatique, chimie, génie des matériaux par apprentissage",Dossier (Apprentissage),<https://www.cpe.fr>,
Ecole Polytechnique,Versailles,Palaiseau,Généraliste,Centrale Supelec,<https://www.polytechnique.edu/>,
EILCO cote d'opale,Lille,Calais,Informatique,CCP,<http://www.eilco-ulco.fr/>,Entretien de motivation + TIPE
EILCO,Lille,Saint-Omer,Génie Industriel,CCP,<http://www.eilco-ulco.fr/>,Entretien de motivation
EIVP,Paris,Paris,Génie urbain,CCP,<http://www.eivp-paris.fr/>,
EMA Alès,Montpellier,Alès,Généraliste,CCP,<http://mines-ales.fr/>,
EMAC Albi,Toulouse,Albi,Généraliste,CCP,<https://www.imt-mines-albi.fr/>,
EMD Douai,Lille,Douai,Généraliste,CCP,<http://imt-lille-douai.fr/>,
EMN Nantes,Nantes,Nantes,Informatique - Énergie,CCP,<http://www.imt-atlantique.fr/fr>,
ENAC Toulouse,Toulouse,Toulouse,Aviation,CCP,<http://www.enac.fr/fr/toulouse>,
ENS,Créteil,Cachan,Enseignement,CCP,<http://www.ens-cachan.fr/>,
ENS Rennes,Rennes,Bruz,Mécatronique,Dossier / CCP,<http://www.ens-rennes.fr/>,
ENSAIT,Lille,Roubaix,Industries Textiles,CCP,<http://www.ensait.fr/>,
ENSEA Cergy,Versailles,Cergy-Pontoise,Technologies de l'information,Centrale Supelec,<http://www.ensea.fr/fr>,
ENSEIRB MATMECA,Bordeaux,Bordeaux,Électronique,CCP,<https://enseirb-matmeca.bordeaux-inp.fr/fr>,
ENSEIRB MATMECA,Bordeaux,Bordeaux,Informatique,CCP,<https://enseirb-matmeca.bordeaux-inp.fr/fr>,
ENSEIRB MATMECA,Bordeaux,Bordeaux,Télécom,CCP,<https://enseirb-matmeca.bordeaux-inp.fr/fr>,
ENSEM Nancy,Nancy-Metz,Nancy,Électricité - Mécanique - Énergie,CCP,<http://ensem.univ-lorraine.fr/>,
ENSG,Créteil,Marne la Vallée,Géomatique,Dossier,<http://www.ensg.eu/>,Entretien + Langue vivante + TP S2I + TIPE + Langue vivante facultative
ENSGSI nancy,Nancy-Metz,Nancy,Génie industriel,CCP,<https://www.ensgsi.univ-lorraine.fr/>,Entretien + Langue vivante + TP S2I + TIPE + Langue vivante facultative
ENSI Poitiers,Poitiers,Poitiers,Énergie - Génie de l'eau et Génie civil,CCP,<http://ensip.univ-poitiers.fr/>,
ENSIAME Valenciennes,Lille,Valenciennes,Informatique - management des systèmes,CCP,<http://www.univ-valenciennes.fr/ensiame/>,
ENSIAME Valenciennes,Lille,Valenciennes,Mécanique - Énergétique,CCP,<http://www.univ-valenciennes.fr/ensiame/>,
ENSIAME Valenciennes,Lille,Valenciennes,Mécatronique,CCP,<http://www.univ-valenciennes.fr/ensiame/>,
ENSICA Toulouse,Toulouse,Toulouse,Généraliste,CCP,<https://www.isae-supaero.fr/fr/>,
ENSICAEN,Caen,Caen,Électronique - Physique appliquée,CCP,<https://www.ensicaen.fr/>,
ENSIIE,Versailles,Evry,Informatique,Centrale Supelec,<http://www.ensiie.fr/>,
ENSISA,Strasbourg,Mulhouse,Automatique et systèmes,banque de notes CCP,<http://www.ensisa.uha.fr/>,
ENSISA,Strasbourg,Mulhouse,Informatique et Réseaux,banque de notes CCP,<http://www.ensisa.uha.fr/>,
ENSISA,Strasbourg,Mulhouse,Mécanique,CCP,<http://www.ensisa.uha.fr/>,Entretien + TIPE
ENSISA,Strasbourg,Mulhouse,Textiles et fibres,CCP,<http://www.ensisa.uha.fr/>,Entretien + TIPE
ENSMM Besançon,Besançon,Besançon,Micromécanique - Mécatronique,CCP,<https://www.ens2m.fr/>,Entretien + TIPE
ENSSAT,Rennes,Lannion,Informatique réseaux - Multimédia,Centrale Supelec,Telecom INT,Entretien + TIPE
ENSTA Bretagne Civil,Rennes,Brest,Mécanique,CCP,Ecoles des Mines,Entretien + TIPE
ENSTA Bretagne Militaire,Rennes,Brest,Mécanique,CCP,n'est plus disponible aux TSI,Entretien + TIPE
Ensta Paristech,Versailles,Palaiseau,Généraliste,Centrale Supelec,Mines-Ponts,Entretien + TIPE
ENSTIB,Nancy-Metz,Epinal,Techniques du bois,CCP,Banque d'épreuves CCP,Entretien + TIPE
ENTPE,Lyon,Vaulx en Velin,Génie Civil-Travaux publics,CCP,Banque d'épreuves CCP,Entretien + TIPE
EPITA,Créteil,Kremlin Bicêtre,Informatique ( apprentissage possible ),CCP,EPITA,Entretien + TIPE
EPMI,Versailles,Cergy-Pontoise,Systèmes industriels,Dossier,Concours spécifique,Entretien + TIPE
ESAIP,Rennes,Angers,Réseaux et technologies du numérique,Dossier,,Entretien + TIPE
ESB,Nantes,Nantes,Industries et technologies du bois,Dossier,admissibilité à un concours+oraux,Entretien + TIPE
ESIEE Amiens,Amiens,Amiens,Généraliste,Centrale Supelec,Ensam,Entretien + TIPE
ESIEE Paris,Créteil,Noisy-Le grand,Technologies de l'information,Centrale Supelec,Ensam,Entretien + TIPE
ESIGELEC,Rouen,Rouen,Électricité,CCP,Banque d'épreuves CCP,Entretien + TIPE
ESIGETEL,Créteil,Fontainebleau,Informatique et télécommunications,Dossier,,Entretien + TIPE
ESIREM,Dijon,Dijon,Informatique-Électronique,CCP,Banque d'épreuves CCP,Entretien + TIPE
ESIREM,Dijon,Dijon,Matériaux,CCP,Banque d'épreuves CCP,Entretien + TIPE
ESIX,Caen,Cherbourg,Génie des systèmes industriels,Centrale Supelec,Banque de notes centrale,Entretien + TIPE
ESME-SUDRIA,Créteil,Ivry,Électricité et informatique,Dossier,Entretien et test,Entretien + TIPE
ESME-SUDRIA,Lille,Lille,Électricité et informatique,Dossier,Entretien et test,Entretien + TIPE
ESME-SUDRIA,Lyon,Lyon,Électricité et informatique,Dossier,,Entretien + TIPE
ESTIA,Bordeaux,Bayonne,Automatique,CCP,Banque d'épreuves CCP,Entretien + TIPE
ESTP,Créteil,Cachan,Bâtiment,CCP,Banque d'épreuves CCP,Entretien + TIPE
ESTP,Créteil,Cachan,Génie mécanique  et Électronique,CCP,Banque d'épreuves CCP,Entretien + TIPE
ESTP,Créteil,Cachan,Topographie,CCP,Banque d'épreuves CCP,Entretien + TIPE
ESTP,Créteil,Cachan,Travaux publics,CCP,Banque d'épreuves CCP,Entretien + TIPE
Grenoble INP-ENSE3,Grenoble,Grenoble,Énergie de l'eau et de l'environnement,CCP,Concours communs,Entretien + TIPE
Grenoble INP-Pagora,Grenoble,Grenoble,Papier - Biomatériaux,CCP,Concours communs,Entretien + TIPE
ICAM,Lille,Lille,Mécanique et automatique,Dossier,admissibilité à un concours,Entretien + TIPE
ICAM,Nantes,Nantes,Mécanique et automatique,Dossier,admissibilité à un concours,Entretien + TIPE
ICAM,Paris,Paris Sénart,Mécanique et automatique,Dossier,admissibilité à un concours,Entretien + TIPE
ICAM,Toulouse,Toulouse,Mécanique et automatique,Dossier,admissibilité à un concours,Entretien + TIPE
ICAM,Rennes,Vannes,Mécanique et automatique,Dossier,admissibilité à un concours,Entretien + TIPE
ICAM,Nantes,La Roche sur Yon,Mécanique et automatique,Dossier,admissibilité à un concours,Entretien + TIPE
IFMA,Clermont-Ferrand,Clermont-Ferrand,Mécanique,Centrale Supelec,Banque de notes centrale,Entretien + TIPE
INP-ENSEEIHT Toulouse,Toulouse,Toulouse,Électronique - traitement du signal,CCP,Concours communs,Entretien + TIPE
INP-ENSEEIHT Toulouse,Toulouse,Toulouse,Génie Électronique et Automatique,CCP,Concours communs,
INSA (ENSI Bourges),Orléans,Bourges,Risques industriels,CCP,Concours communs,
INSA (ENSI Bourges),Orléans,Bourges,Sécurité - Technologies Informatiques,CCP,Concours communs,
INSA Centre Val de Loire,Orléans,Bourges,Sécurité et Technologies Informatiques,Dossier,admissibilité à un concours,
INSA Centre Val de Loire,Orléans,Bourges,Énergie, Risques et Environnement ( Apprentissage possible ),Dossier,admissibilité à un concours
INSA Centre Val de Loire,Orléans,Bourges,Génie des Systèmes Industriels, Maîtrise des Risques Industriels,Dossier,admissibilité à un concours
INSA Lyon,Lyon,Lyon,Génie Mécanique et conception ( Apprentissage possible ),Dossier,admissibilité à un concours,
INSA Lyon,Lyon,Lyon,Génie Électrique ( Apprentissage possible ),Dossier,admissibilité à un concours,
INSA Lyon,Lyon,Lyon,Télécommunications,,,
INSA Lyon,Lyon,Lyon,Informatique,Dossier,admissibilité à un concours,
INSA Lyon,Lyon,Lyon,Développement Procédé plasturgie  ( Apprentissage possible ),Dossier,admissibilité à un concours,
INSA Lyon,Lyon,Lyon,Procédés plasturgie,Dossier,admissibilité à un concours,
INSA Lyon,Lyon,Lyon,Génie Civil et Urbanisme,Dossier,admissibilité à un concours,
INSA Lyon,Lyon,Lyon,Science et génie des matériaux,Dossier,admissibilité à un concours,
INSA Rennes,Rennes,Rennes,Électronique et Informatique Industrielle,Dossier,admissibilité à un concours,
INSA Rennes,Rennes,Rennes,Système et Réseaux de communication,Dossier,admissibilité à un concours,
INSA Rennes,Rennes,Rennes,Génie Civil Urbain,Dossier,admissibilité à un concours,
INSA Rennes,Rennes,Rennes,Science et génie des matériaux,Dossier,admissibilité à un concours,
INSA Rennes,Rennes,Rennes,Informatique et Génie Mathématiques,Dossier,admissibilité à un concours,
INSA Rennes,Rennes,Rennes,Génie mécanique et automatique,Dossier,admissibilité à un concours,
INSA Rouen,Rouen,Rouen,Génie Mathématique,Dossier,admissibilité à un concours,
INSA Rouen,Rouen,Rouen,Architecture des Systèmes d'Information.,Dossier,admissibilité à un concours,
INSA Rouen,Rouen,Rouen,Maitrise des Risques Industriels,Dossier,admissibilité à un concours,
INSA Rouen,Rouen,Rouen,Génie civil,Dossier,admissibilité à un concours,
INSA Rouen,Rouen,Rouen,Développement Industriel et Innovation ( Apprentissage possible ),Dossier,admissibilité à un concours,
INSA Rouen,Rouen,Rouen,Énergétique et propulsion,Dossier,admissibilité à un concours,
INSA Rouen,Rouen,Rouen,Performance Énergétique ( Apprentissage possible ),Dossier,admissibilité à un concours,
INSA Rouen,Rouen,Rouen,Mécanique,Dossier,admissibilité à un concours,
INSA Strasbourg,Strasbourg,Strasbourg,Architecture,Dossier,admissibilité à un concours,
INSA Strasbourg,Strasbourg,Strasbourg,Génie Mécanique ( Apprentissage possible ),Dossier,admissibilité à un concours,
INSA Strasbourg,Strasbourg,Strasbourg,Génie Climatique et Énergétique ( Apprentissage possible ),Dossier,admissibilité à un concours,
INSA Strasbourg,Strasbourg,Strasbourg,Plasturgie,Dossier,admissibilité à un concours,
INSA Strasbourg,Strasbourg,Strasbourg,Topographie,Dossier,admissibilité à un concours,
INSA Strasbourg,Strasbourg,Strasbourg,Génie Électrique ( Apprentissage possible ),Dossier,admissibilité à un concours,
INSA Strasbourg,Strasbourg,Strasbourg,Mécatronique,Dossier,admissibilité à un concours,
INSA Toulouse,Toulouse,Toulouse,Génie Mécanique ( Apprentissage possible ),Dossier,admissibilité à un concours,
INSA Toulouse,Toulouse,Toulouse,Informatique et Réseaux,Dossier,admissibilité à un concours,
INSA Toulouse,Toulouse,Toulouse,Génie Physique,Dossier,admissibilité à un concours,
INSA Toulouse,Toulouse,Toulouse,Génie Mathématique et Modélisation,Dossier,admissibilité à un concours,
INSA Toulouse,Toulouse,Toulouse,Génie civil ( apprentissage possible ),Dossier,admissibilité à un concours,
INSA Toulouse,Toulouse,Toulouse,Génie des procédés,Dossier,admissibilité à un concours,
INSA Toulouse,Toulouse,Toulouse,Automatique et électronique,Dossier,admissibilité à un concours,
IPSA Paris,Créteil,Ivry,Technologies - Aéronautique,CCP,EPITA,
IPSA Toulouse,Toulouse,Toulouse,Technologies - Aéronautique,CCP,EPITA,
ISAE-ENSMA Poitiers,Poitiers,Poitiers,Mécanique Aérotechnique,CCP,Concours communs,
ISAT,Dijon,Nevers,Énergies et moteurs,CCP,Banque d'épreuves CCP,
ISAT,Dijon,Nevers,Mécanique et Ingénierie des transports,CCP,Banque d'épreuves CCP,
ISEN,Rennes,Brest,Électronique-Numérique,Dossier,,
ISEN,Lille,Lille,Électronique-Numérique,Dossier,,
ISEN,Nice,Toulon,Électronique-Numérique,Dossier,,
ISEP,Paris,Paris,Technologies de l'information,CCP,Banque d'épreuves CCP,
ISIMA Clermont-Ferrand,Clermont-Ferrand,Clermont-Ferrand,Informatique - Maths appliquées,CCP,Concours communs,
ISIS,Toulouse,Castres,Informatique et systèmes d'information pour la santé,CCP,Banque d'épreuves CCP,
ISMANS,Nantes,Le Mans,Matériaux,Centrale Supelec,Banque de notes centrale,entretien
ISMIN Saint-Etienne,Lyon,Gardanne,Microélectronique,Centrale Supelec,Telecom INT,
Mines de Saint-Etienne,Lyon,Saint-Etienne,Généraliste,Centrale Supelec,Mines-Ponts,
Mines Nancy,Nancy-Metz,Nancy,Généraliste,Centrale Supelec,Mines-Ponts,
Mines ParisTech,Paris,Paris,Généraliste,Centrale Supelec,Mines-Ponts,
Polytech Clermont-Ferrand,Clermont-Ferrand,Clermont-Ferrand,Génie des systèmes de production par apprentissage,CCP,Réseau Polytech,
Polytech Clermont-Ferrand,Clermont-Ferrand,Clermont-Ferrand,Génie Mathématique et Modélisation,CCP,Réseau Polytech,
Polytech Clermont-Ferrand,Clermont-Ferrand,Clermont-Ferrand,Génie Physique: énergie et matériaux,CCP,Réseau Polytech,
Polytech Clermont-Ferrand,Clermont-Ferrand,Clermont-Ferrand,Génie électrique,CCP,Réseau Polytech,
Polytech Clermont-Ferrand,Clermont-Ferrand,Clermont-Ferrand,Génie Civil,CCP,Réseau Polytech,
Polytech Grenoble,Grenoble,Grenoble,Électronique et Informatique Industrielle par Apprentissage,CCP,Réseau Polytech,
Polytech Grenoble,Grenoble,Grenoble,Technologie de l'information pour la santé,CCP,Réseau Polytech,
Polytech Grenoble,Grenoble,Grenoble,Informatique industrielle et instrumentation,CCP,Réseau Polytech,
Polytech Grenoble,Grenoble,Grenoble,Prévention des risques,CCP,Réseau Polytech,
Polytech Grenoble,Grenoble,Grenoble,Matériaux,CCP,Réseau Polytech,
Polytech Grenoble,Grenoble,Grenoble,Réseaux informatique et Communication,CCP,Réseau Polytech,
Polytech Lille,Lille,Lille,Génie Civil par apprentissage,CCP,Réseau Polytech,
Polytech Lille,Lille,Lille,Exploitation des systèmes de production par apprentissage,CCP,Réseau Polytech,
Polytech Lille,Lille,Lille,Informatique - Microélectronique - Automatique,CCP,Réseau Polytech,
Polytech Lille,Lille,Lille,Mécanique,CCP,Réseau Polytech,
Polytech Lille,Lille,Lille,Matériaux,CCP,Réseau Polytech,
Polytech Lille,Lille,Lille,Ingénierie et commercialisation des systèmes de mesure,CCP,Réseau Polytech,
Polytech Lyon,Lyon,Lyon,Mécanique,CCP,Réseau Polytech,
Polytech Lyon,Lyon,Lyon,Systèmes industriels et Robotique,CCP,Réseau Polytech,
Polytech Marseille,Marseille,Marseille,Génie civil,CCP,Réseau Polytech,
Polytech Marseille,Marseille,Marseille,Génie industriel et informatique,CCP,Réseau Polytech,
Polytech Marseille,Marseille,Marseille,Informatique,CCP,Réseau Polytech,
Polytech Marseille,Marseille,Marseille,Mécanique - Énergétique,CCP,Réseau Polytech,
Polytech Marseille,Marseille,Marseille,Microélectronique - télécommunications,CCP,Réseau Polytech,
Polytech Montpellier,Montpellier,Montpellier,Électronique - Robotique - informatique industrielle,CCP,Réseau Polytech,
Polytech Nantes,Nantes,Nantes,Électronique - technologies numériques,CCP,Réseau Polytech,
Polytech Nantes,Nantes,Nantes,Énergie Électrique,CCP,Réseau Polytech,
Polytech Nice-Sophie,Nice,Nice,Électronique,CCP,Réseau Polytech,
Polytech Orléans,Orléans,Orléans,Électronique - optique,CCP,Réseau Polytech,
Polytech Orléans,Orléans,Orléans,Génie civil - Géo-environnement,CCP,Réseau Polytech,
Polytech Orléans,Orléans,Orléans,Mécanique - Énergétique - Matériaux - Mécatronique,CCP,Réseau Polytech,
Polytech Savoie,Grenoble,Annecy-Chambéry,Mécanique - Productique ( Apprentissage possible ),CCP,Réseau Polytech,
Polytech Savoie,Grenoble,Annecy-Chambéry,Environnement - Bâtiment - Énergie,CCP,Réseau Polytech,
Polytech Savoie,Grenoble,Annecy-Chambéry,Instrumentation - Automatique - informatique,CCP,Réseau Polytech,
Polytech Savoie,Grenoble,Annecy-Chambéry,Mécanique - Matériaux,CCP,Réseau Polytech,
Polytech Tours,Orléans,Tours,Informatique,CCP,Réseau Polytech,
Polytech Tours,Orléans,Tours,Électronique - Énergie électrique,CCP,Réseau Polytech,
Polytech Tours,Orléans,Tours,Mécanique - conception de systèmes,CCP,Réseau Polytech,
Ponts ParisTech,Créteil,Champs-sur-Marne,Généraliste,Centrale Supelec,Mines-Ponts,
Sup Optique,Versailles,Orsay,Physique Électronique,Centrale Supelec,Centrale-supelec,
SUPAERO,Toulouse,Toulouse,Aéronautique,Centrale Supelec,Mines-Ponts,
Supelec,Versailles,Gif-sur-Yvette,Électricité,Centrale Supelec,Centrale-supelec,
SUPMECA Paris,Créteil,Saint-Ouen,Industrie mécanique,CCP,Concours communs,
SUPMECA Toulon,Nice,Toulon,Industrie mécanique,CCP,Concours communs,
Telecom Bretagne,Rennes,Brest,Télécommunications,Centrale Supelec,Mines-Ponts,
Telecom Nancy,Nancy-Metz,Nancy,Informatique,Centrale Supelec,Telecom INT,
Telecom Paristech,Paris,Paris,Télécommunications,Centrale Supelec,Mines-Ponts,
Telecom Physique Strasbourg,Strasbourg,Strasbourg,TIC et Santé,Centrale Supelec,Telecom INT,
Telecom Physique Strasbourg,Strasbourg,Strasbourg,Électronique - Informatique industrielle,CCP,Concours communs,
Telecom Saint-Etienne,Lyon,Lyon,Optique,Centrale Supelec,Telecom INT,
Telecom SudParis,Versailles,Evry,Télécommunications,Centrale Supelec,Telecom INT,
UTBM,Besançon,Belfort-Montbéliard,Systèmes industriels,Dossier,,Entretien
UTBM,Besançon,Belfort-Montbéliard,Énergie,Dossier,,Entretien
UTBM,Besançon,Belfort-Montbéliard,Informatique,Dossier,,Entretien
UTBM,Besançon,Belfort-Montbéliard,Mécanique,Dossier,,Entretien
UTBM,Besançon,Belfort-Montbéliard,Mécanique et ergonomie,Dossier,,Entretien
UTC,Amiens,Compiègne,Génie des procédés,Dossier,,Entretien
UTC,Amiens,Compiègne,Génie des systèmes urbains,Dossier,,Entretien
UTC,Amiens,Compiègne,Informatique,Dossier,,Entretien
UTC,Amiens,Compiègne,Génie mécanique,Dossier,,Entretien
UTT,Reims,Troyes,Systèmes industriels,Dossier,,Entretien
UTT,Reims,Troyes,Systèmes d'informatique et d'information,Dossier,,Entretien
UTT,Reims,Troyes,Matériaux,Dossier,,Entretien
UTT,Reims,Troyes,Mécanique,Dossier,,Entretien
UTT,Reims,Troyes,Systèmes réseaux et télécommunication,Dossier,,Entretien
UTT,Reims,Troyes,Matériaux et mécanique,Dossier,,Entretien
ISPA,Alençon,Caen,Plasturgie polymères et composites ( apprentissage possible ),Dossier,Partenariat mines de Douai,
ECAM Lyon,Lyon,Lyon,Ingénierie des matériaux et Surfaces (partenariat ENSAM) (Apprentissage possible),Dossier,<http://www.ecam.fr>,
ECAM Lyon,Lyon,Lyon,Mécanique Energétique Génie Civil Acoustique ( Apprentissage possible ),Dossier,<http://www.ecam.fr>,
ECAM Lyon,Lyon,Lyon,Génie des systèmes automatisés ( Partenariat Insa Lyon ) Apprentissage possible,Dossier,<http://www.ecam.fr>,
ECAM Rennes ( Louis de Broglie ),Rennes,Rennes,Génie Industriel ( Apprentissage possible ),CCP,<http://www.ecam-rennes.fr>,
ECAM Rennes ( Louis de Broglie ),Rennes,Rennes,Matériaux et Génie Industriel,CCP,<http://www.ecam-rennes.fr>,
ECAM Rennes ( Louis de Broglie ),Rennes,Rennes,Informatique  Réseaux et Télécommunications,CCP,<http://www.ecam-rennes.fr>,
ECAM Rennes ( Louis de Broglie ),Rennes,Rennes,Ingénierie pédagogique et international,CCP,<http://www.ecam-rennes.fr>,
ECAM Strasbourg Europe,Strasbourg,Strasbourg,,dossier,<http://www.ecam-strasbourg.eu>,
Itii pays de la loire,Nantes,Nantes,Bâtiment Travaux public,Apprentissage  (Centrale Nantes),,
Itii pays de la loire,Nantes,Nantes,Technologies Numériques et système embarqués,Apprentissage  (Groupe ESEO),,
Itii pays de la loire,Nantes,Nantes,Ingénierie Logicielle,Apprentissage  (IMT Atlantique),,
Itii pays de la loire,Nantes,Nantes,Maîtrise des énergies,Apprentissage  (Polytech Nantes),,
Itii pays de la loire,Nantes,Nantes,Mécanique,Apprentissage  (Centrale Nantes),,
Itii pays de la loire,Nantes,Nantes,Sécurité Prévention des risques,Apprentissage (Esaip),,
ITII Lyon,Lyon,Lyon,ENERGIE Conception des Installations,Apprentissage  (Centrale Lyon),,
ITII Lyon,Lyon,Lyon,ENERGIE Exploitation et Maintenance,Apprentissage  (ECAM Lyon),,
ITII Lyon,Lyon,Lyon,Génie électrique,Apprentissage  (INSA Lyon),,
ITII Lyon,Lyon,Lyon,Genie industriel et mécanique,Apprentissage  (ECAM Lyon),,
ITII Lyon,Lyon,Lyon,Genie mecanique conception innovation de produits,Apprentissage  (INSA Lyon),,
ITII Lyon,Lyon,Lyon,Informatique et réseaux de communication,Apprentissage  (CPE Lyon),,
ITII ,,,Mécanique électronique informatique - Chaque région a sa spécialité,Apprentissage,<http://www.itii-lyon.fr> <http://www.itii-2savoies.com> <http://www.itii-alsace.fr>,
ENS Louis Lumière,Créteil,Noisy-Le-Grand,cinématographie son et photographie (prise de vue ou traitement des images) ,Concours spécifique,<https://www.ens-louis-lumiere.fr/>,
IESSA,Versailles,Massy,"Ingénieurs électroniciens des systèmes de la sécurité aérienne, au sein de l'ENAC, Ecole Nationale de l'Aviation Civile. Les élèves sont rémunérés comme fonctionnaires stagiaires",Concours spécifique,<http://www.enac.fr>,
ENGEES,,Strasbourg,école nationale du génie de l'eau et de l'environnement de Strasbourg ,Concours spécifique,,
ECE Paris,Paris,Paris,Ecole privée généraliste,Dossier ,,
EFREI,Paris,Paris,"Électronique, informatique, management - Privée",Dossier,<http://www.efrei.fr>,
EIGSI,Poitiers,La Rochelle,Génie des systèmes industriels - Privée,Dossier,<http://www.eigsi.fr>,
EME,Rennes,Rennes,Ecole des métiers de l'environnement - Privée,Dossier,<https://www.ecole-eme.fr/>,
EPF,Créteil,Sceaux,"Mécanique, informatique, énergétique, aéronautique, électronique - Privée",Dossier,<http://www.epf.fr>,
EPF,Reims,Troyes,"Mécanique, informatique, énergétique, aéronautique, électronique - Privée",Dossier,<http://www.epf.fr>,
Groupe ESAIP,Angers,Angers,Informatique Réseaux télécom sécurité environnement prévention des risques - Privée,Dossier,<http://www.esaip.org>,
